{"r": {"a": 546.656160348497, "b": 0.031561451333296686, "c": 813.7347562184591}, "g": {"a": 1151.794490023985, "b": 0.01617078844328155, "c": 1710.711094707181}, "b": {"a": 1851.372606571667, "b": 0.13935349294018567, "c": 3413.945283070159}}